{" Source IP": 0.32558951153963295, " Source Port": 11.774254083633931, " Destination IP": 1.325997196123952, " Destination Port": 15.641142953184357, " Protocol": 0.1591657820925559, " Timestamp": 19.70111053035476, " Flow Duration": 4.748496062445108, " Total Fwd Packets": 0.956629830074377, " Total Backward Packets": 0.26015815194608616, "Total Length of Fwd Packets": 4.279076360461516, " Total Length of Bwd Packets": 0.2695571039572179, " Fwd Packet Length Max": 4.183158396497806, " Fwd Packet Length Min": 4.0518385901656275, " Fwd Packet Length Mean": 4.289015831673258, " Fwd Packet Length Std": 1.0330007840198294, "Bwd Packet Length Max": 0.24684821088885153, " Bwd Packet Length Min": 0.16185730155519495, " Bwd Packet Length Mean": 0.27065752087788403, " Bwd Packet Length Std": 0.11387352612461414, "Flow Bytes/s": 7.520806621132031, " Flow Packets/s": 4.7656372995618215, " Flow IAT Mean": 4.758015676695876, " Flow IAT Std": 3.2926815162763416, " Flow IAT Max": 4.608724960495526, " Flow IAT Min": 2.0007510224888962, "Fwd IAT Total": 4.493903422423226, " Fwd IAT Mean": 4.501003948918561, " Fwd IAT Std": 2.977594827803295, " Fwd IAT Max": 4.355896236675973, " Fwd IAT Min": 1.9869362374722264, "Bwd IAT Total": 0.31978828971308343, " Bwd IAT Mean": 0.3207453145074062, " Bwd IAT Std": 0.17699450835099323, " Bwd IAT Max": 0.3171096498756346, " Bwd IAT Min": 0.20450268573162644, "Fwd PSH Flags": 0.03421086663250241, " Bwd PSH Flags": 0.0, " Fwd URG Flags": 0.0, " Bwd URG Flags": 0.0, " Fwd Header Length": 3.9287204219537606, " Bwd Header Length": 0.2877865440793232, "Fwd Packets/s": 4.758562532470433, " Bwd Packets/s": 0.5244879092496648, " Min Packet Length": 4.050578302408245, " Max Packet Length": 4.2062007501397085, " Packet Length Mean": 4.32325769941422, " Packet Length Std": 1.163060624564444, " Packet Length Variance": 1.16339684522995, "FIN Flag Count": 0.0, " SYN Flag Count": 0.0022573987130491825, " RST Flag Count": 0.03421086663250241, " PSH Flag Count": 0.0, " ACK Flag Count": 0.06475096117431173, " URG Flag Count": 0.11022695588197934, " CWE Flag Count": 0.07770311908863617, " ECE Flag Count": 0.0, " Down/Up Ratio": 0.18016965185705333, " Average Packet Size": 4.334994802278458, " Avg Fwd Segment Size": 4.287377685704086, " Avg Bwd Segment Size": 0.2701973199708758, " Fwd Header Length.1": 3.9287204219537606, "Fwd Avg Bytes/Bulk": 0.0, " Fwd Avg Packets/Bulk": 0.0, " Fwd Avg Bulk Rate": 0.0, " Bwd Avg Bytes/Bulk": 0.0, " Bwd Avg Packets/Bulk": 0.0, "Bwd Avg Bulk Rate": 0.0, "Subflow Fwd Packets": 0.956629830074377, " Subflow Fwd Bytes": 4.279076360461516, " Subflow Bwd Packets": 0.26015815194608616, " Subflow Bwd Bytes": 0.2695571039572179, "Init_Win_bytes_forward": 0.2931319943416726, " Init_Win_bytes_backward": 0.2407759630119429, " act_data_pkt_fwd": 0.9588290864682273, " min_seg_size_forward": 3.0657445216367747, "Active Mean": 0.09014745617552516, " Active Std": 0.06457566864190636, " Active Max": 0.08911522559441033, " Active Min": 0.08680507225095738, "Idle Mean": 0.09142132768610868, " Idle Std": 0.06599731063173984, " Idle Max": 0.09134301621874481, " Idle Min": 0.09136971042341911, "SimillarHTTP": 0.02942606184515846, " Inbound": 0.1751106446880053, " Label": 2.934457759565719}
